population,responder_mean_percentage,non_responder_mean_percentage,p_value,significant
b_cell,9.797552613770158,9.996319710875161,0.05570230973826624,False
cd8_t_cell,24.881931595096706,24.94392435752586,0.6390858847346418,False
cd4_t_cell,30.537808341850095,29.902261776254058,0.01334421881393762,True
nk_cell,14.84094427086041,15.07316621464659,0.12105079820428571,False
monocyte,19.941763178422633,20.084327940698326,0.16315013268752876,False
